sample_id,label,measure,duong,loc,son,agree
GTS01,give_way,count,0,0,0,1
GTS01,other,count,2,2,3,0
GTS01,speed_limit,count,2,2,3,0
GTS01,stop,count,0,0,0,1
GTS01,unknown,count,0,0,0,1
GTS01,warning,count,2,2,3,0
GTS02,give_way,count,2,0,3,0
GTS02,other,count,2,2,3,0
GTS02,speed_limit,count,0,0,0,1
GTS02,stop,count,0,1,0,0
GTS02,unknown,count,0,0,0,1
GTS02,warning,count,0,2,3,0
GTS07,give_way,count,0,0,0,1
GTS07,other,count,0,0,0,1
GTS07,speed_limit,count,0,0,0,1
GTS07,stop,count,0,0,0,1
GTS07,unknown,count,1,0,0,0
GTS07,warning,count,0,0,0,1
GTS12,give_way,count,0,0,0,1
GTS12,other,count,1,0,0,0
GTS12,speed_limit,count,0,0,0,1
GTS12,stop,count,0,1,0,0
GTS12,unknown,count,1,0,0,0
GTS12,warning,count,1,1,1,1
GTS19,give_way,count,0,0,0,1
GTS19,other,count,0,0,0,1
GTS19,speed_limit,count,1,1,1,1
GTS19,stop,count,0,0,0,1
GTS19,unknown,count,0,0,0,1
GTS19,warning,count,1,1,1,1
GTS22,give_way,count,1,0,0,0
GTS22,other,count,2,1,0,0
GTS22,speed_limit,count,0,0,0,1
GTS22,stop,count,0,0,0,1
GTS22,unknown,count,0,0,0,1
GTS22,warning,count,0,1,1,0
GTS27,give_way,count,0,0,0,1
GTS27,other,count,0,0,0,1
GTS27,speed_limit,count,0,0,0,1
GTS27,stop,count,0,0,0,1
GTS27,unknown,count,1,0,0,0
GTS27,warning,count,0,1,1,0
