sample_id,split,tags,reason
GTS18,example,normal,"Minh hoạ hai mặt biển cùng cột: warning và speed_limit phải có hai box riêng"
GTS20,example,edge;conflict,"Minh hoạ cụm nhiều biển: tách từng mặt và dùng give_way hoặc other theo taxonomy"
GTS23,example,edge,"Minh hoạ nhiều biển cùng cảnh: mỗi vị trí và mỗi mặt biển là một instance"
GTS26,example,small_far,"Minh hoạ biển cảnh báo nhỏ xa vẫn label khi đủ bằng chứng"
GTS28,example,negative,"Minh hoạ bảng cửa hàng hoặc quảng cáo nằm ngoài scope"
GTS01,calibration,edge;small_far,"Kiểm tra tách từng panel trong hai cụm biển xếp tầng và vẽ tight box cho biển nhỏ"
GTS02,calibration,normal;critical,"Kiểm tra phát hiện đủ nhiều biển khác kích thước và phân loại give_way chính xác"
GTS07,calibration,negative;edge,"Kiểm tra không tạo false positive trên ảnh đường không có biển giao thông"
GTS12,calibration,edge;critical,"Kiểm tra biển cảnh báo công trường thuộc warning thay vì other"
GTS19,calibration,edge,"Kiểm tra tách warning và speed_limit khi hai biển gắn chung một cột"
GTS22,calibration,critical;small_far,"Kiểm tra không bỏ sót và phân loại give_way nhỏ ở xa"
GTS27,calibration,edge;critical;small_far,"Kiểm tra hai biển chênh lệch kích thước lớn và không bỏ sót biển nhỏ"
GTS21,blind,normal,"Kiểm tra baseline geometry tight box và dùng other cho biển hiệu lệnh rõ nét"
GTS17,blind,critical;edge,"Kiểm tra phát hiện đủ hai biển no_entry ở hai vị trí riêng"
GTS24,blind,critical;edge;ambiguity;small_far,"Kiểm tra tách biển hiệu lệnh rõ và biển no_entry rất nhỏ ở xa"
GTS15,blind,edge;ambiguity,"Kiểm tra dùng other hay unknown cho biển hết hạn chế có ký hiệu khó phân loại"
GTS04,blind,edge;small_far,"Kiểm tra phát hiện đủ hai cặp biển nhỏ đối xứng và phân loại speed_limit"
